respondent,element,construct,rating
0,ЕдаДома,быстрая—небыстрая,4
0,ЕдаДома,доступная—дорогая,3
0,ЕдаДома,заботится—безразличная,1
0,ЕдаДома,для семьи—для одного,2
0,Агрегатор_1,быстрая—небыстрая,1
0,Агрегатор_1,доступная—дорогая,4
0,Агрегатор_1,заботится—безразличная,5
0,Агрегатор_1,для семьи—для одного,5
0,Агрегатор_2,быстрая—небыстрая,3
0,Агрегатор_2,доступная—дорогая,4
0,Агрегатор_2,заботится—безразличная,3
0,Агрегатор_2,для семьи—для одного,6
0,Столовая,быстрая—небыстрая,5
0,Столовая,доступная—дорогая,1
0,Столовая,заботится—безразличная,4
0,Столовая,для семьи—для одного,3
0,Идеал,быстрая—небыстрая,1
0,Идеал,доступная—дорогая,1
0,Идеал,заботится—безразличная,1
0,Идеал,для семьи—для одного,3
1,ЕдаДома,быстрая—небыстрая,3
1,ЕдаДома,доступная—дорогая,1
1,ЕдаДома,заботится—безразличная,2
1,ЕдаДома,для семьи—для одного,2
1,Агрегатор_1,быстрая—небыстрая,1
1,Агрегатор_1,доступная—дорогая,5
1,Агрегатор_1,заботится—безразличная,6
1,Агрегатор_1,для семьи—для одного,5
1,Агрегатор_2,быстрая—небыстрая,2
1,Агрегатор_2,доступная—дорогая,2
1,Агрегатор_2,заботится—безразличная,6
1,Агрегатор_2,для семьи—для одного,4
1,Столовая,быстрая—небыстрая,5
1,Столовая,доступная—дорогая,1
1,Столовая,заботится—безразличная,3
1,Столовая,для семьи—для одного,2
1,Идеал,быстрая—небыстрая,1
1,Идеал,доступная—дорогая,2
1,Идеал,заботится—безразличная,1
1,Идеал,для семьи—для одного,3
2,ЕдаДома,быстрая—небыстрая,3
2,ЕдаДома,доступная—дорогая,2
2,ЕдаДома,заботится—безразличная,2
2,ЕдаДома,для семьи—для одного,1
2,Агрегатор_1,быстрая—небыстрая,2
2,Агрегатор_1,доступная—дорогая,5
2,Агрегатор_1,заботится—безразличная,6
2,Агрегатор_1,для семьи—для одного,4
2,Агрегатор_2,быстрая—небыстрая,1
2,Агрегатор_2,доступная—дорогая,3
2,Агрегатор_2,заботится—безразличная,5
2,Агрегатор_2,для семьи—для одного,6
2,Столовая,быстрая—небыстрая,4
2,Столовая,доступная—дорогая,1
2,Столовая,заботится—безразличная,5
2,Столовая,для семьи—для одного,3
2,Идеал,быстрая—небыстрая,1
2,Идеал,доступная—дорогая,2
2,Идеал,заботится—безразличная,1
2,Идеал,для семьи—для одного,3
3,ЕдаДома,быстрая—небыстрая,3
3,ЕдаДома,доступная—дорогая,2
3,ЕдаДома,заботится—безразличная,2
3,ЕдаДома,для семьи—для одного,2
3,Агрегатор_1,быстрая—небыстрая,1
3,Агрегатор_1,доступная—дорогая,4
3,Агрегатор_1,заботится—безразличная,5
3,Агрегатор_1,для семьи—для одного,7
3,Агрегатор_2,быстрая—небыстрая,3
3,Агрегатор_2,доступная—дорогая,3
3,Агрегатор_2,заботится—безразличная,5
3,Агрегатор_2,для семьи—для одного,3
3,Столовая,быстрая—небыстрая,5
3,Столовая,доступная—дорогая,1
3,Столовая,заботится—безразличная,2
3,Столовая,для семьи—для одного,4
3,Идеал,быстрая—небыстрая,1
3,Идеал,доступная—дорогая,2
3,Идеал,заботится—безразличная,2
3,Идеал,для семьи—для одного,3
4,ЕдаДома,быстрая—небыстрая,3
4,ЕдаДома,доступная—дорогая,2
4,ЕдаДома,заботится—безразличная,3
4,ЕдаДома,для семьи—для одного,1
4,Агрегатор_1,быстрая—небыстрая,1
4,Агрегатор_1,доступная—дорогая,5
4,Агрегатор_1,заботится—безразличная,4
4,Агрегатор_1,для семьи—для одного,5
4,Агрегатор_2,быстрая—небыстрая,3
4,Агрегатор_2,доступная—дорогая,4
4,Агрегатор_2,заботится—безразличная,3
4,Агрегатор_2,для семьи—для одного,4
4,Столовая,быстрая—небыстрая,5
4,Столовая,доступная—дорогая,1
4,Столовая,заботится—безразличная,3
4,Столовая,для семьи—для одного,1
4,Идеал,быстрая—небыстрая,1
4,Идеал,доступная—дорогая,1
4,Идеал,заботится—безразличная,2
4,Идеал,для семьи—для одного,3
5,ЕдаДома,быстрая—небыстрая,3
5,ЕдаДома,доступная—дорогая,2
5,ЕдаДома,заботится—безразличная,1
5,ЕдаДома,для семьи—для одного,1
5,Агрегатор_1,быстрая—небыстрая,2
5,Агрегатор_1,доступная—дорогая,5
5,Агрегатор_1,заботится—безразличная,7
5,Агрегатор_1,для семьи—для одного,6
5,Агрегатор_2,быстрая—небыстрая,3
5,Агрегатор_2,доступная—дорогая,4
5,Агрегатор_2,заботится—безразличная,4
5,Агрегатор_2,для семьи—для одного,5
5,Столовая,быстрая—небыстрая,3
5,Столовая,доступная—дорогая,2
5,Столовая,заботится—безразличная,2
5,Столовая,для семьи—для одного,3
5,Идеал,быстрая—небыстрая,1
5,Идеал,доступная—дорогая,2
5,Идеал,заботится—безразличная,1
5,Идеал,для семьи—для одного,3
6,ЕдаДома,быстрая—небыстрая,2
6,ЕдаДома,доступная—дорогая,3
6,ЕдаДома,заботится—безразличная,2
6,ЕдаДома,для семьи—для одного,3
6,Агрегатор_1,быстрая—небыстрая,1
6,Агрегатор_1,доступная—дорогая,4
6,Агрегатор_1,заботится—безразличная,7
6,Агрегатор_1,для семьи—для одного,6
6,Агрегатор_2,быстрая—небыстрая,2
6,Агрегатор_2,доступная—дорогая,3
6,Агрегатор_2,заботится—безразличная,3
6,Агрегатор_2,для семьи—для одного,5
6,Столовая,быстрая—небыстрая,4
6,Столовая,доступная—дорогая,1
6,Столовая,заботится—безразличная,3
6,Столовая,для семьи—для одного,2
6,Идеал,быстрая—небыстрая,1
6,Идеал,доступная—дорогая,2
6,Идеал,заботится—безразличная,1
6,Идеал,для семьи—для одного,4
7,ЕдаДома,быстрая—небыстрая,5
7,ЕдаДома,доступная—дорогая,2
7,ЕдаДома,заботится—безразличная,2
7,ЕдаДома,для семьи—для одного,2
7,Агрегатор_1,быстрая—небыстрая,1
7,Агрегатор_1,доступная—дорогая,4
7,Агрегатор_1,заботится—безразличная,6
7,Агрегатор_1,для семьи—для одного,6
7,Агрегатор_2,быстрая—небыстрая,1
7,Агрегатор_2,доступная—дорогая,3
7,Агрегатор_2,заботится—безразличная,5
7,Агрегатор_2,для семьи—для одного,3
7,Столовая,быстрая—небыстрая,4
7,Столовая,доступная—дорогая,1
7,Столовая,заботится—безразличная,4
7,Столовая,для семьи—для одного,3
7,Идеал,быстрая—небыстрая,1
7,Идеал,доступная—дорогая,4
7,Идеал,заботится—безразличная,1
7,Идеал,для семьи—для одного,3
8,ЕдаДома,быстрая—небыстрая,4
8,ЕдаДома,доступная—дорогая,2
8,ЕдаДома,заботится—безразличная,2
8,ЕдаДома,для семьи—для одного,2
8,Агрегатор_1,быстрая—небыстрая,1
8,Агрегатор_1,доступная—дорогая,5
8,Агрегатор_1,заботится—безразличная,6
8,Агрегатор_1,для семьи—для одного,5
8,Агрегатор_2,быстрая—небыстрая,1
8,Агрегатор_2,доступная—дорогая,3
8,Агрегатор_2,заботится—безразличная,5
8,Агрегатор_2,для семьи—для одного,4
8,Столовая,быстрая—небыстрая,4
8,Столовая,доступная—дорогая,1
8,Столовая,заботится—безразличная,3
8,Столовая,для семьи—для одного,3
8,Идеал,быстрая—небыстрая,1
8,Идеал,доступная—дорогая,2
8,Идеал,заботится—безразличная,1
8,Идеал,для семьи—для одного,3
9,ЕдаДома,быстрая—небыстрая,4
9,ЕдаДома,доступная—дорогая,1
9,ЕдаДома,заботится—безразличная,1
9,ЕдаДома,для семьи—для одного,1
9,Агрегатор_1,быстрая—небыстрая,3
9,Агрегатор_1,доступная—дорогая,5
9,Агрегатор_1,заботится—безразличная,5
9,Агрегатор_1,для семьи—для одного,5
9,Агрегатор_2,быстрая—небыстрая,1
9,Агрегатор_2,доступная—дорогая,4
9,Агрегатор_2,заботится—безразличная,5
9,Агрегатор_2,для семьи—для одного,5
9,Столовая,быстрая—небыстрая,4
9,Столовая,доступная—дорогая,1
9,Столовая,заботится—безразличная,3
9,Столовая,для семьи—для одного,2
9,Идеал,быстрая—небыстрая,1
9,Идеал,доступная—дорогая,1
9,Идеал,заботится—безразличная,1
9,Идеал,для семьи—для одного,3
