respondent,answer,true_category
0,"доставка в самый неподходящий момент, в последнее время",опоздания
1,"доставка в самый неподходящий момент, постоянно",опоздания
2,"суп как лёд, постоянно",холодная еда
3,"стало дорого, в последнее время",цены
4,"еда приехала холодная, иногда",холодная еда
5,"нет любимой сети, постоянно",ассортимент
6,"суп как лёд, в последнее время",холодная еда
7,"доставка в самый неподходящий момент, иногда, и вообще",опоздания
8,"суп как лёд, ",холодная еда
9,"курьер ехал час, постоянно",опоздания
10,"еда приехала холодная, часто",холодная еда
11,"соседний сервис дешевле, в последнее время",конкурент
12,"курьер ехал час, иногда",опоздания
13,"мало ресторанов рядом, постоянно",ассортимент
14,"нет любимой сети, часто",ассортимент
15,"проще приготовить самому, постоянно",цены
16,"мало ресторанов рядом, иногда, и вообще",ассортимент
17,"доставка в самый неподходящий момент, постоянно",опоздания
18,"у конкурентов быстрее, ",конкурент
19,"курьер ехал час, часто",опоздания
20,"курьер ехал час, иногда, и вообще",опоздания
21,"еда приехала холодная, постоянно",холодная еда
22,"у конкурентов быстрее, постоянно",конкурент
23,"курьер ехал час, ",опоздания
24,"курьер ехал час, ",опоздания
25,"цены кусаются, в последнее время",цены
26,"курьер ехал час, в последнее время",опоздания
27,"пицца остыла, в последнее время",холодная еда
28,"привозят холодное и поздно, иногда",опоздания
29,"доставка в самый неподходящий момент, в последнее время",опоздания
30,"пицца остыла, постоянно",холодная еда
31,"доставка в самый неподходящий момент, часто",опоздания
32,"курьер ехал час, постоянно",опоздания
33,"еда приехала холодная, иногда",холодная еда
34,"соседний сервис дешевле, иногда",конкурент
35,"стало дорого, часто",цены
36,"перешёл в другой сервис, иногда",конкурент
37,"стало дорого, часто",цены
38,"пицца остыла, постоянно, и вообще",холодная еда
39,"курьер ехал час, постоянно",опоздания
40,"у конкурентов быстрее, часто",конкурент
41,"перешёл в другой сервис, постоянно",конкурент
42,"курьер ехал час, в последнее время",опоздания
43,"цены кусаются, постоянно",цены
44,"выбор маленький, иногда",ассортимент
45,"цены кусаются, иногда",цены
46,"курьер ехал час, часто",опоздания
47,"нет любимой сети, в последнее время",ассортимент
48,"выбор маленький, иногда",ассортимент
49,"выбор маленький, в последнее время",ассортимент
50,"стало дорого, постоянно",цены
51,"суп как лёд, в последнее время",холодная еда
52,"стало дорого, ",цены
53,"привозят холодное и поздно, , и вообще",опоздания
54,"еда приехала холодная, постоянно, и вообще",холодная еда
55,"цены кусаются, в последнее время",цены
56,"доставка в самый неподходящий момент, часто",опоздания
57,"проще приготовить самому, в последнее время",цены
58,"стало дорого, ",цены
59,"курьер ехал час, постоянно",опоздания
60,"суп как лёд, часто",холодная еда
61,"пицца остыла, иногда",холодная еда
62,"еда приехала холодная, постоянно",холодная еда
63,"курьер ехал час, постоянно",опоздания
64,"привозят холодное и поздно, часто",опоздания
65,"соседний сервис дешевле, часто",конкурент
66,"суп как лёд, ",холодная еда
67,"соседний сервис дешевле, в последнее время",конкурент
68,"мало ресторанов рядом, ",ассортимент
69,"соседний сервис дешевле, иногда",конкурент
70,"перешёл в другой сервис, постоянно",конкурент
71,"еда приехала холодная, постоянно",холодная еда
72,"перешёл в другой сервис, , и вообще",конкурент
73,"цены кусаются, иногда",цены
74,"проще приготовить самому, иногда",цены
75,"суп как лёд, в последнее время",холодная еда
76,"соседний сервис дешевле, в последнее время",конкурент
77,"выбор маленький, постоянно",ассортимент
78,"цены кусаются, постоянно",цены
79,"цены кусаются, в последнее время",цены
80,"доставка в самый неподходящий момент, часто",опоздания
81,"у конкурентов быстрее, в последнее время",конкурент
82,"доставка в самый неподходящий момент, иногда",опоздания
83,"стало дорого, постоянно",цены
84,"цены кусаются, часто",цены
85,"пицца остыла, иногда",холодная еда
86,"еда приехала холодная, ",холодная еда
87,"проще приготовить самому, в последнее время",цены
88,"цены кусаются, ",цены
89,"проще приготовить самому, в последнее время",цены
90,"выбор маленький, в последнее время",ассортимент
91,"пицца остыла, в последнее время, и вообще",холодная еда
92,"стало дорого, постоянно",цены
93,"цены кусаются, иногда",цены
94,"привозят холодное и поздно, иногда",опоздания
95,"стало дорого, иногда",цены
96,"еда приехала холодная, постоянно",холодная еда
97,"стало дорого, постоянно",цены
98,"у конкурентов быстрее, часто",конкурент
99,"у конкурентов быстрее, иногда",конкурент
100,"суп как лёд, иногда, и вообще",холодная еда
101,"суп как лёд, ",холодная еда
102,"соседний сервис дешевле, в последнее время",конкурент
103,"мало ресторанов рядом, в последнее время",ассортимент
104,"цены кусаются, в последнее время",цены
105,"доставка в самый неподходящий момент, в последнее время",опоздания
106,"цены кусаются, постоянно",цены
107,"проще приготовить самому, иногда",цены
108,"курьер ехал час, часто, и вообще",опоздания
109,"у конкурентов быстрее, в последнее время",конкурент
110,"стало дорого, ",цены
111,"доставка в самый неподходящий момент, иногда",опоздания
112,"соседний сервис дешевле, часто",конкурент
113,"пицца остыла, постоянно",холодная еда
114,"стало дорого, часто",цены
115,"мало ресторанов рядом, постоянно",ассортимент
116,"курьер ехал час, в последнее время",опоздания
117,"проще приготовить самому, часто",цены
118,"пицца остыла, в последнее время, и вообще",холодная еда
119,"у конкурентов быстрее, часто",конкурент
120,"выбор маленький, постоянно",ассортимент
121,"курьер ехал час, постоянно",опоздания
122,"у конкурентов быстрее, ",конкурент
123,"еда приехала холодная, часто",холодная еда
124,"курьер ехал час, постоянно",опоздания
125,"выбор маленький, иногда",ассортимент
126,"привозят холодное и поздно, часто, и вообще",опоздания
127,"выбор маленький, часто",ассортимент
128,"доставка в самый неподходящий момент, часто",опоздания
129,"еда приехала холодная, в последнее время",холодная еда
130,"суп как лёд, часто",холодная еда
131,"у конкурентов быстрее, иногда",конкурент
132,"соседний сервис дешевле, постоянно",конкурент
133,"перешёл в другой сервис, иногда",конкурент
134,"мало ресторанов рядом, в последнее время, и вообще",ассортимент
135,"еда приехала холодная, иногда",холодная еда
136,"суп как лёд, ",холодная еда
137,"еда приехала холодная, часто",холодная еда
138,"стало дорого, часто",цены
139,"проще приготовить самому, , и вообще",цены
140,"мало ресторанов рядом, ",ассортимент
141,"стало дорого, иногда",цены
142,"цены кусаются, иногда, и вообще",цены
143,"мало ресторанов рядом, часто",ассортимент
144,"курьер ехал час, постоянно",опоздания
145,"перешёл в другой сервис, постоянно",конкурент
146,"проще приготовить самому, ",цены
147,"еда приехала холодная, в последнее время",холодная еда
148,"соседний сервис дешевле, постоянно",конкурент
149,"проще приготовить самому, ",цены
150,"привозят холодное и поздно, иногда",опоздания
151,"выбор маленький, часто",ассортимент
152,"перешёл в другой сервис, иногда, и вообще",конкурент
153,"проще приготовить самому, ",цены
154,"проще приготовить самому, иногда",цены
155,"доставка в самый неподходящий момент, в последнее время",опоздания
156,"нет любимой сети, ",ассортимент
157,"цены кусаются, иногда",цены
158,"курьер ехал час, ",опоздания
159,"привозят холодное и поздно, иногда",опоздания
160,"привозят холодное и поздно, постоянно",опоздания
161,"соседний сервис дешевле, иногда",конкурент
162,"цены кусаются, часто",цены
163,"цены кусаются, иногда",цены
164,"курьер ехал час, часто",опоздания
165,"суп как лёд, в последнее время",холодная еда
166,"пицца остыла, в последнее время",холодная еда
167,"перешёл в другой сервис, , и вообще",конкурент
168,"привозят холодное и поздно, в последнее время",опоздания
169,"еда приехала холодная, ",холодная еда
170,"привозят холодное и поздно, часто",опоздания
171,"пицца остыла, часто",холодная еда
172,"перешёл в другой сервис, постоянно",конкурент
173,"цены кусаются, в последнее время",цены
174,"перешёл в другой сервис, в последнее время",конкурент
175,"проще приготовить самому, иногда",цены
176,"нет любимой сети, иногда",ассортимент
177,"у конкурентов быстрее, иногда",конкурент
178,"стало дорого, постоянно",цены
179,"курьер ехал час, ",опоздания
180,"перешёл в другой сервис, часто",конкурент
181,"курьер ехал час, часто",опоздания
182,"курьер ехал час, в последнее время",опоздания
183,"привозят холодное и поздно, в последнее время",опоздания
184,"стало дорого, иногда",цены
185,"стало дорого, в последнее время",цены
186,"пицца остыла, ",холодная еда
187,"у конкурентов быстрее, в последнее время",конкурент
188,"у конкурентов быстрее, иногда",конкурент
189,"курьер ехал час, постоянно",опоздания
190,"выбор маленький, в последнее время",ассортимент
191,"курьер ехал час, иногда",опоздания
192,"курьер ехал час, постоянно",опоздания
193,"стало дорого, часто",цены
194,"перешёл в другой сервис, иногда",конкурент
195,"доставка в самый неподходящий момент, иногда, и вообще",опоздания
196,"у конкурентов быстрее, ",конкурент
197,"привозят холодное и поздно, иногда, и вообще",опоздания
198,"суп как лёд, в последнее время",холодная еда
199,"привозят холодное и поздно, ",опоздания
200,"проще приготовить самому, иногда",цены
201,"привозят холодное и поздно, ",опоздания
202,"выбор маленький, постоянно",ассортимент
203,"перешёл в другой сервис, в последнее время",конкурент
204,"соседний сервис дешевле, иногда",конкурент
205,"перешёл в другой сервис, иногда",конкурент
206,"выбор маленький, , и вообще",ассортимент
207,"курьер ехал час, постоянно",опоздания
208,"еда приехала холодная, постоянно",холодная еда
209,"цены кусаются, постоянно",цены
210,"еда приехала холодная, ",холодная еда
211,"курьер ехал час, иногда, и вообще",опоздания
212,"соседний сервис дешевле, иногда",конкурент
213,"стало дорого, часто",цены
214,"суп как лёд, постоянно",холодная еда
215,"выбор маленький, ",ассортимент
216,"привозят холодное и поздно, постоянно",опоздания
217,"стало дорого, часто",цены
218,"перешёл в другой сервис, иногда",конкурент
219,"нет любимой сети, часто",ассортимент
220,"доставка в самый неподходящий момент, часто",опоздания
221,"доставка в самый неподходящий момент, постоянно",опоздания
222,"доставка в самый неподходящий момент, часто",опоздания
223,"доставка в самый неподходящий момент, часто",опоздания
224,"цены кусаются, часто",цены
225,"еда приехала холодная, иногда",холодная еда
226,"перешёл в другой сервис, постоянно, и вообще",конкурент
227,"цены кусаются, часто",цены
228,"перешёл в другой сервис, постоянно",конкурент
229,"стало дорого, часто",цены
230,"перешёл в другой сервис, иногда",конкурент
231,"курьер ехал час, ",опоздания
232,"нет любимой сети, в последнее время",ассортимент
233,"доставка в самый неподходящий момент, постоянно",опоздания
234,"курьер ехал час, постоянно",опоздания
235,"доставка в самый неподходящий момент, иногда",опоздания
236,"привозят холодное и поздно, ",опоздания
237,"цены кусаются, иногда",цены
238,"цены кусаются, иногда",цены
239,"цены кусаются, ",цены
240,"курьер ехал час, иногда",опоздания
241,"у конкурентов быстрее, часто",конкурент
242,"соседний сервис дешевле, ",конкурент
243,"пицца остыла, постоянно, и вообще",холодная еда
244,"курьер ехал час, часто",опоздания
245,"соседний сервис дешевле, постоянно",конкурент
246,"мало ресторанов рядом, иногда",ассортимент
247,"цены кусаются, часто",цены
248,"перешёл в другой сервис, иногда, и вообще",конкурент
249,"привозят холодное и поздно, постоянно",опоздания
250,"еда приехала холодная, ",холодная еда
251,"соседний сервис дешевле, постоянно",конкурент
252,"соседний сервис дешевле, часто",конкурент
253,"привозят холодное и поздно, ",опоздания
254,"доставка в самый неподходящий момент, иногда",опоздания
255,"соседний сервис дешевле, в последнее время",конкурент
256,"соседний сервис дешевле, , и вообще",конкурент
257,"привозят холодное и поздно, иногда",опоздания
258,"перешёл в другой сервис, иногда",конкурент
259,"привозят холодное и поздно, в последнее время",опоздания
260,"проще приготовить самому, в последнее время",цены
261,"еда приехала холодная, постоянно, и вообще",холодная еда
262,"нет любимой сети, в последнее время",ассортимент
263,"доставка в самый неподходящий момент, в последнее время",опоздания
264,"цены кусаются, постоянно, и вообще",цены
265,"цены кусаются, в последнее время",цены
266,"еда приехала холодная, часто",холодная еда
267,"цены кусаются, иногда",цены
268,"выбор маленький, ",ассортимент
269,"привозят холодное и поздно, , и вообще",опоздания
270,"стало дорого, иногда",цены
271,"привозят холодное и поздно, часто",опоздания
272,"доставка в самый неподходящий момент, иногда",опоздания
273,"у конкурентов быстрее, иногда",конкурент
274,"курьер ехал час, ",опоздания
275,"привозят холодное и поздно, в последнее время",опоздания
276,"еда приехала холодная, ",холодная еда
277,"пицца остыла, часто",холодная еда
278,"проще приготовить самому, в последнее время",цены
279,"проще приготовить самому, в последнее время",цены
280,"привозят холодное и поздно, ",опоздания
281,"суп как лёд, в последнее время",холодная еда
282,"проще приготовить самому, ",цены
283,"соседний сервис дешевле, , и вообще",конкурент
284,"привозят холодное и поздно, постоянно",опоздания
285,"стало дорого, ",цены
286,"цены кусаются, в последнее время",цены
287,"перешёл в другой сервис, иногда",конкурент
288,"выбор маленький, иногда",ассортимент
289,"еда приехала холодная, в последнее время",холодная еда
290,"цены кусаются, иногда",цены
291,"цены кусаются, ",цены
292,"соседний сервис дешевле, в последнее время",конкурент
293,"пицца остыла, ",холодная еда
294,"суп как лёд, ",холодная еда
295,"перешёл в другой сервис, в последнее время",конкурент
296,"цены кусаются, ",цены
297,"пицца остыла, , и вообще",холодная еда
298,"выбор маленький, ",ассортимент
299,"перешёл в другой сервис, ",конкурент
